{
    "reconstruction": {
        "mse": 0.6762665510177612,
        "mae": 0.3736938536167145,
        "relative_error": 15335308.0,
        "correlation": 0.8205303827146839
    },
    "latent_space": {
        "dimension": 64,
        "mean_range": [
            -1.384384274482727,
            1.6657748222351074
        ],
        "std_range": [
            0.39902982115745544,
            2.695669412612915
        ],
        "activation_rate": 1.0
    }
}