{
    "reconstruction": {
        "mse": 0.7245354056358337,
        "mae": 0.45630353689193726,
        "relative_error": 15017910.0,
        "correlation": 0.8163051303065528
    },
    "latent_space": {
        "dimension": 64,
        "mean_range": [
            -1.6633265018463135,
            1.5388747453689575
        ],
        "std_range": [
            0.32577183842658997,
            2.817304849624634
        ],
        "activation_rate": 1.0
    }
}