{
    "reconstruction": {
        "mse": 0.678175687789917,
        "mae": 0.36271610856056213,
        "relative_error": 15195421.0,
        "correlation": 0.819213215204989
    },
    "latent_space": {
        "dimension": 64,
        "mean_range": [
            -1.4192098379135132,
            1.9934278726577759
        ],
        "std_range": [
            0.44822150468826294,
            2.398953676223755
        ],
        "activation_rate": 1.0
    }
}