{
    "10_percent": {
        "classification": {
            "accuracy": 0.21378288254909225,
            "precision": 0.16018787600563641,
            "recall": 0.18737269071974538,
            "f1_score": 0.16261775304483198,
            "precision_per_class": [
                0.25839793281653745,
                0.2114695340501792,
                0.14925373134328357,
                0.18181818181818182,
                0.0
            ],
            "recall_per_class": [
                0.4329004329004329,
                0.10460992907801418,
                0.10869565217391304,
                0.2906574394463668,
                0.0
            ],
            "f1_per_class": [
                0.32362459546925565,
                0.13997627520759193,
                0.12578616352201258,
                0.2237017310252996,
                0.0
            ],
            "support_per_class": [
                693,
                564,
                460,
                578,
                404
            ],
            "confusion_matrix": [
                [
                    300,
                    64,
                    81,
                    248,
                    0
                ],
                [
                    223,
                    59,
                    75,
                    207,
                    0
                ],
                [
                    197,
                    52,
                    50,
                    161,
                    0
                ],
                [
                    269,
                    55,
                    86,
                    168,
                    0
                ],
                [
                    172,
                    49,
                    43,
                    140,
                    0
                ]
            ]
        },
        "clustering": {
            "adjusted_rand_index": 0.0006167891512565105,
            "normalized_mutual_info": 0.0014462401592367298,
            "silhouette_score": 0.4559347927570343,
            "n_clusters": 5
        },
        "stability": {
            "jaccard_similarity_mean": 1.0,
            "jaccard_similarity_std": 0.0,
            "cosine_similarity_mean": 1.0,
            "cosine_similarity_std": 0.0,
            "n_runs": 5
        },
        "efficiency": {
            "inference_time_mean": 0.04823834896087646,
            "inference_time_std": 0.004679559173044413,
            "inference_time_per_sample": 1.7872674679835665e-05,
            "total_parameters": 737989,
            "trainable_parameters": 183813,
            "frozen_parameters": 554176,
            "trainable_ratio": 0.24907281815853624,
            "memory_allocated_mb": 51.07470703125,
            "memory_reserved_mb": 94.0
        },
        "n_labeled": 231
    },
    "30_percent": {
        "classification": {
            "accuracy": 0.2486105965172286,
            "precision": 0.166903741823425,
            "recall": 0.20403934907230264,
            "f1_score": 0.14804726000103954,
            "precision_per_class": [
                0.2629179331306991,
                0.2452316076294278,
                0.14705882352941177,
                0.1793103448275862,
                0.0
            ],
            "recall_per_class": [
                0.7489177489177489,
                0.1595744680851064,
                0.021739130434782608,
                0.08996539792387544,
                0.0
            ],
            "f1_per_class": [
                0.3892013498312711,
                0.19334049409237378,
                0.03787878787878787,
                0.11981566820276499,
                0.0
            ],
            "support_per_class": [
                693,
                564,
                460,
                578,
                404
            ],
            "confusion_matrix": [
                [
                    519,
                    79,
                    19,
                    76,
                    0
                ],
                [
                    395,
                    90,
                    12,
                    67,
                    0
                ],
                [
                    329,
                    67,
                    10,
                    54,
                    0
                ],
                [
                    441,
                    76,
                    9,
                    52,
                    0
                ],
                [
                    290,
                    55,
                    18,
                    41,
                    0
                ]
            ]
        },
        "clustering": {
            "adjusted_rand_index": 0.0006167891512565105,
            "normalized_mutual_info": 0.0014462401592367298,
            "silhouette_score": 0.4559347927570343,
            "n_clusters": 5
        },
        "stability": {
            "jaccard_similarity_mean": 1.0,
            "jaccard_similarity_std": 0.0,
            "cosine_similarity_mean": 1.0,
            "cosine_similarity_std": 0.0,
            "n_runs": 5
        },
        "efficiency": {
            "inference_time_mean": 0.04939873218536377,
            "inference_time_std": 0.004813200987712823,
            "inference_time_per_sample": 1.8302605478089577e-05,
            "total_parameters": 737989,
            "trainable_parameters": 183813,
            "frozen_parameters": 554176,
            "trainable_ratio": 0.24907281815853624,
            "memory_allocated_mb": 51.07470703125,
            "memory_reserved_mb": 116.0
        },
        "n_labeled": 689
    },
    "50_percent": {
        "classification": {
            "accuracy": 0.2597258243793998,
            "precision": 0.19595569642347563,
            "recall": 0.22376919534437406,
            "f1_score": 0.18637671686930107,
            "precision_per_class": [
                0.28144171779141103,
                0.2574468085106383,
                0.208955223880597,
                0.23193473193473194,
                0.0
            ],
            "recall_per_class": [
                0.5295815295815296,
                0.21453900709219859,
                0.030434782608695653,
                0.34429065743944637,
                0.0
            ],
            "f1_per_class": [
                0.36755132699048576,
                0.23404255319148937,
                0.05313092979127135,
                0.27715877437325903,
                0.0
            ],
            "support_per_class": [
                693,
                564,
                460,
                578,
                404
            ],
            "confusion_matrix": [
                [
                    367,
                    104,
                    18,
                    204,
                    0
                ],
                [
                    255,
                    121,
                    9,
                    179,
                    0
                ],
                [
                    211,
                    92,
                    14,
                    143,
                    0
                ],
                [
                    273,
                    91,
                    15,
                    199,
                    0
                ],
                [
                    198,
                    62,
                    11,
                    133,
                    0
                ]
            ]
        },
        "clustering": {
            "adjusted_rand_index": 0.0006167891512565105,
            "normalized_mutual_info": 0.0014462401592367298,