{
    "attention_top_genes": [
        989,
        481,
        266,
        777,
        892,
        49,
        816,
        407,
        406,
        1693,
        1560,
        1072,
        1683,
        57,
        185,
        169,
        1431,
        1744,
        387,
        807,
        1245,
        704,
        99,
        1108,
        1905,
        738,
        482,
        1354,
        1631,
        1208,
        16,
        1968,
        1778,
        625,
        1725,
        355,
        1225,
        1526,
        1165,
        1070,
        654,
        594,
        168,
        566,
        212,
        422,
        412,
        104,
        1296,
        485
    ],
    "gradient_top_genes": [
        989,
        57,
        481,
        266,
        1968,
        49,
        1683,
        816,
        1693,
        406,
        912,
        1715,
        402,
        704,
        1377,
        777,
        360,
        594,
        1072,
        1070,
        1905,
        1615,
        1725,
        1969,
        654,
        872,
        738,
        1245,
        1115,
        482,
        1409,
        526,
        765,
        952,
        584,
        1124,
        951,
        1940,
        233,
        625,
        973,
        207,
        257,
        1452,
        1156,
        436,
        757,
        1818,
        240,
        1918
    ],
    "overlap_genes": [
        777,
        266,
        654,
        1683,
        406,
        1693,
        1070,
        1968,
        49,
        816,
        1072,
        57,
        1725,
        704,
        594,
        989,
        1245,
        481,
        738,
        482,
        1905,
        625
    ],
    "jaccard_overlap": 0.28205128205128205,
    "stability_attention_mean": 0.04993393674430515,
    "stability_attention_std": 0.025241647651882845,
    "stability_gradient_mean": 0.05868238397588277,
    "stability_gradient_std": 0.022603362592624243,
    "n_genes": 2000,
    "n_samples": 2699,
    "top_k": 50,
    "seeds": [
        0,
        1,
        2,
        3,
        4
    ]
}